ID,Age,Gender,OwnHome,Married,Location,Visits,Salary,SalaryN100,Spent,SpentN100
0,Old,Female,Own,Single,Far,3,43315,24.89367816,478.2019,15.94006334
1,Middle,Male,Rent,Single,Close,4,60534,34.78965517,758.9044,25.29681333
2,Young,Female,Rent,Single,Close,17,7646.1,4.394310345,170.442558,5.6814186
3,Middle,Male,Own,Married,Close,15,84064,48.31264368,1402.6488,46.75496
4,Middle,Female,Own,Single,Close,12,65668,37.74022989,750.87199,25.02906633
5,Young,Male,Own,Married,Close,3,27528.6,15.82103448,285.044032,9.501467733
6,Middle,Female,Rent,Single,Close,10,43957,25.26264368,495.3284952,16.51094984
7,Middle,Male,Own,Single,Close,13,65668,37.74022989,731.5792352,24.3859745
8,Middle,Female,Own,Married,Close,2,48021,27.59827586,100.042371,3.3347457
9,Old,Male,Own,Married,Far,15,78823,45.30057471,1746.9772,58.23257333
10,Young,Male,Rent,Married,Close,10,39251,22.55804598,587.1052572,19.57017524
11,Middle,Male,Own,Married,Far,13,112085,64.41666667,1189.027,39.63423333
12,Middle,Female,Own,Married,Close,22,39679,22.80402299,445.867851,14.8622617
13,Middle,Male,Own,Married,Close,11,111657,64.17068966,1229.9088,40.99696
14,Old,Female,Own,Married,Far,21,110160,63.31034483,2873.09805,95.769935
15,Middle,Female,Own,Married,Far,7,81390,46.77586207,1592.6628,53.08876
16,Old,Female,Own,Married,Close,21,81069,46.59137931,1733.146484,57.77154947
17,Middle,Male,Own,Married,Close,13,88877,51.07873563,1126.299348,37.5433116
18,Middle,Male,Rent,Single,Close,13,33796,19.42298851,343.29196,11.44306534
19,Old,Female,Rent,Single,Far,8,8234.6,4.732528736,236.031936,7.8677312
20,Young,Female,Rent,Single,Far,1,8587.7,4.93545977,111.7052,3.723506667
21,Young,Male,Rent,Married,Close,10,45775,26.30747126,523.8495966,17.46165322
22,Old,Female,Rent,Married,Far,15,56898,32.7,1340.4624,44.68208
23,Young,Male,Rent,Married,Far,6,39037,22.43505747,511.739371,17.05797904
24,Young,Female,Rent,Married,Close,4,37112,21.32873563,330.0163152,11.00054384
25,Middle,Female,Own,Married,Close,17,91229,52.43045977,414.8765676,13.82921892
26,Middle,Male,Own,Single,Close,2,59679,34.29827586,447.8186614,14.92728872
27,Middle,Female,Rent,Married,Far,15,70481,40.50632184,1194.808032,39.8269344
28,Middle,Female,Rent,Married,Close,6,64064,36.8183908,487.100889,16.2366963
29,Young,Male,Rent,Single,Close,14,17293.1,9.938563218,445.6692,14.85564
30,Old,Female,Rent,Married,Close,7,34973,20.09942529,362.9520752,12.0984025
31,Middle,Male,Rent,Married,Far,9,69732,40.07586207,1198.821358,39.96071193
33,Middle,Male,Own,Married,Close,19,103850,59.68390805,1517.843348,50.59477827
34,Middle,Male,Rent,Single,Far,9,64919,37.30977011,1281.719284,42.72397613
35,Middle,Female,Own,Single,Close,3,23529,13.5224138,105.354126,3.5118042
36,Middle,Female,Own,Single,Far,19,61069,35.09712644,918.401,30.61336667
37,Middle,Male,Rent,Single,Close,12,42780,24.5862069,369.862251,12.3287417
38,Old,Female,Own,Married,Close,15,37005,21.26724138,621.9918276,20.73306092
39,Old,Female,Rent,Single,Close,20,15411,8.856896552,331.637768,11.05459227
40,Middle,Male,Own,Single,Close,8,60962,35.03563218,259.7111352,8.65703784
41,Middle,Female,Own,Married,Far,20,96042,55.19655172,1774.604084,59.15346947
42,Middle,Male,Rent,Married,Close,19,74010,42.53448276,1403.247632,46.77492107
43,Old,Female,Rent,Married,Far,15,79679,45.79252874,2104.531726,70.15105753
44,Middle,Female,Own,Single,Close,9,45561,26.18448276,534.6107228,17.82035742
45,Old,Female,Own,Married,Close,14,111764,64.23218391,1445.28679,48.17622633
46,Middle,Male,Own,Married,Close,2,75614,43.45632184,622.6378752,20.75459584
47,Young,Male,Own,Married,Close,14,55508,31.90114943,699.597,23.3199
48,Middle,Male,Own,Married,Close,14,127807,73.45229885,1151.588484,38.3862828
49,Middle,Female,Own,Married,Close,23,81604,46.89885057,1482.1092,49.40364
50,Middle,Female,Own,Married,Close,5,89304,51.32413793,706.85208,23.561736
51,Middle,Female,Own,Married,Far,16,85775,49.29597701,2075.1832,69.17277333
52,Middle,Female,Own,Married,Close,23,105133,60.42126437,1934.688,64.4896
54,Middle,Female,Rent,Single,Close,21,42352,24.34022989,573.84228,19.128076
55,Old,Male,Rent,Married,Close,24,67165,38.60057471,1591.557264,53.0519088
56,Middle,Male,Own,Single,Close,22,57005,32.76149425,727.258432,24.24194773
57,Young,Male,Rent,Married,Close,8,65026,37.37126437,686.5775862,22.88591954
58,Middle,Male,Rent,Single,Close,19,37754,21.69770115,665.7077152,22.19025718
59,Young,Female,Own,Married,Far,4,28556,16.41149425,388.8889862,12.9629662
60,Middle,Male,Own,Single,Close,7,59572,34.23678161,445.89952,14.86331734
62,Young,Female,Own,Single,Close,4,10116.7,5.814195402,78.354864,2.6118288
63,Old,Female,Own,Single,Close,23,8940.8,5.138390805,269.4744,8.98248
64,Old,Female,Own,Married,Close,4,59465,34.17528736,357.8470324,11.92823442
65,Young,Male,Rent,Married,Close,16,63850,36.6954023,754.303758,25.1434586
66,Middle,Male,Own,Married,Far,20,70053,40.26034483,89.30658,2.976886
67,Young,Female,Rent,Single,Far,23,7294.1,4.192011494,206.1364,6.871213333
68,Middle,Female,Own,Single,Close,21,47379,27.22931034,819.927684,27.3309228
69,Middle,Male,Own,Single,Far,20,69839,40.13735632,2407.9956,80.26652
70,Young,Female,Rent,Single,Close,12,10116.7,5.814195402,269.4744,8.98248
71,Middle,Female,Own,Married,Far,15,89197,51.26264368,1683.61041,56.120347
72,Middle,Male,Own,Single,Far,3,68983,39.6454023,610.609989,20.3536663
73,Young,Male,Rent,Single,Close,22,8705.4,5.003103448,354.151548,11.8050516
74,Young,Male,Rent,Single,Close,4,9411.6,5.408965517,21.926464,0.730882133
75,Middle,Male,Own,Single,Close,1,54117,31.10172414,637.2056152,21.24018718
77,Middle,Male,Own,Married,Far,17,82673,47.51321839,948.9184,31.63061333
78,Young,Female,Own,Single,Close,5,20469.9,11.76431035,126.652968,4.2217656
79,Young,Female,Rent,Single,Close,15,17763.9,10.20913793,161.200968,5.3733656
80,Middle,Male,Rent,Married,Far,7,44705,25.69252874,948.365632,31.61218773
81,Middle,Female,Own,Married,Close,3,72406,41.61264368,445.89952,14.86331734
82,Young,Female,Rent,Single,Far,21,27165,15.61206897,582.7349352,19.42449784
83,Old,Female,Own,Single,Close,2,5175.5,2.974425288,148.5564,4.95188
84,Middle,Male,Own,Married,Close,6,128342,73.75977011,1048.520284,34.95067613
85,Middle,Male,Rent,Single,Close,16,42994,24.7091954,913.7946,30.45982
86,Middle,Female,Own,Single,Close,11,44598,25.63103448,334.42464,11.147488
87,Young,Male,Rent,Single,Far,14,15764.1,9.059827587,499.287696,16.6429232
88,Middle,Male,Rent,Single,Close,1,34224,19.66896552,407.231671,13.57438904
89,Young,Female,Rent,Single,Close,1,6941,3.98908046,61.604842,2.053494733
90,Middle,Female,Rent,Married,Far,14,64491,37.0637931,871.150852,29.03836173
91,Old,Male,Own,Married,Close,22,136363,78.36954023,2624.519432,87.48398107
92,Old,Male,Own,Married,Close,2,73262,42.1045977,469.3092448,15.6436415
93,Old,Female,Own,Married,Far,8,28449,16.35,509.8455648,16.99485216
94,Young,Female,Rent,Single,Close,7,10940.6,6.287701149,270.59721,9.019907
95,Young,Male,Rent,Married,Close,2,23999.8,13.79298851,160.055126,5.335170867
96,Middle,Female,Own,Married,Close,22,110588,63.55632184,629.337884,20.97792947
97,Young,Female,Rent,Single,Far,2,16588,9.533333334,270.626,9.020866667
98,Middle,Male,Own,Married,Close,23,79358,45.60804598,1068.6848,35.62282667
100,Young,Female,Rent,Single,Far,21,17293.1,9.938563218,407.643368,13.58811227
101,Middle,Female,Rent,Single,Close,14,37647,21.6362069,1009.342852,33.64476173
102,Middle,Male,Rent,Single,Far,23,55614,31.96206897,1752.758232,58.4252744
103,Middle,Female,Own,Single,Close,15,48877,28.09022989,541.5399,18.05133
104,Young,Male,Own,Single,Close,25,16352.6,9.398045977,316.666968,10.5555656
105,Middle,Male,Own,Married,Far,21,89518,51.44712644,1304.187,43.4729
106,Old,Female,Own,Married,Far,21,90695,52.12356322,1411.89039,47.063013
107,Young,Female,Own,Single,Far,16,22352,12.84597701,749.9472552,24.99824184
108,Old,Female,Own,Married,Close,19,68128,39.15402299,1237.97,41.26566667
109,Middle,Male,Own,Married,Close,3,77647,44.62471264,906.908032,30.23026773
110,Middle,Male,Rent,Married,Close,24,95614,54.95057471,1049.084568,34.9694856
111,Middle,Female,Own,Single,Close,17,42352,24.34022989,730.2364696,24.34121566
112,Old,Male,Own,Married,Close,8,106524,61.22068966,1080.765084,36.0255028
113,Middle,Female,Rent,Married,Close,1,104705,60.17528736,285.021,9.5007
114,Old,Male,Rent,Single,Close,4,52727,30.30287356,552.9217386,18.43072462
115,Young,Female,Rent,Single,Close,2,9176.2,5.273678161,120.365232,4.0121744
116,Old,Male,Own,Married,Close,18,54866,31.53218391,847.571842,28.25239473
117,Middle,Male,Own,Single,Far,10,67593,38.84655172,979.988568,32.6662856
118,Old,Male,Own,Married,Far,16,56363,32.39252874,1069.306664,35.64355547
119,Young,Male,Rent,Single,Close,3,22116.6,12.71068965,259.6858,8.656193333
120,Young,Female,Rent,Single,Close,23,5881.7,3.380287357,198.121264,6.604042133
121,Middle,Male,Rent,Single,Far,16,48021,27.59827586,859.070568,28.6356856
122,Middle,Female,Own,Single,Far,22,63957,36.75689655,1208.045674,40.26818913
123,Middle,Male,Own,Married,Close,17,105133,60.42126437,2018.213548,67.27378493
124,Young,Female,Rent,Single,Far,5,7999.2,4.59724138,73.132358,2.437745267
125,Young,Male,Rent,Single,Close,8,9176.2,5.273678161,251.0488,8.368293333
126,Middle,Female,Own,Married,Far,23,39786,22.86551724,1453.353748,48.44512493
127,Young,Male,Rent,Single,Close,17,3999.6,2.298620689,108.8262,3.62754
128,Middle,Female,Own,Single,Close,8,30160,17.33333333,384.4426586,12.81475528
129,Young,Female,Rent,Single,Far,2,10705.2,6.152413793,116.288568,3.8762856
130,Middle,Male,Own,Married,Close,16,113368,65.15402299,894.7932,29.82644
131,Middle,Male,Own,Married,Close,5,60213,34.60517241,400.92954,13.364318
132,Young,Male,Rent,Single,Close,1,14235.1,8.181091954,101.329284,3.3776428
133,Middle,Female,Own,Married,Close,23,92406,53.10689655,1772.91699,59.097233
134,Old,Female,Rent,Married,Far,21,48663,27.96724138,1173.474642,39.1158214
135,Middle,Female,Rent,Married,Far,20,41069,23.60287356,761.9688076,25.39896026
136,Young,Female,Own,Single,Far,4,16941.1,9.736264368,187.699284,6.2566428
137,Middle,Female,Own,Single,Close,9,49946,28.7045977,148.8823028,4.962743426
138,Young,Female,Own,Married,Far,22,65240,37.49425287,2123.527368,70.7842456
139,Young,Male,Rent,Single,Close,6,12234.2,7.031149425,191.177116,6.372570533
140,Young,Female,Rent,Single,Close,5,8940.8,5.138390805,82.3394,2.744646667
141,Old,Female,Own,Married,Far,10,99572,57.22528736,1787.237136,59.5745712
142,Middle,Male,Own,Married,Far,21,103422,59.43793103,1346.7962,44.89320667
143,Young,Female,Rent,Single,Far,1,4470.4,2.569195402,70.8234,2.36078
144,Middle,Female,Own,Married,Close,21,79893,45.91551724,556.7663552,18.5588785
145,Old,Female,Rent,Single,Close,14,16941.1,9.736264368,286.708094,9.556936467
146,Old,Female,Own,Married,Close,14,115294,66.26091954,2070.582558,69.0194186
147,Old,Female,Own,Married,Far,21,65133,37.43275862,1684.215,56.1405
148,Middle,Male,Own,Married,Close,7,49946,28.7045977,684.7091152,22.82363718
149,Young,Female,Rent,Single,Far,8,5175.5,2.974425288,179.62081,5.987360333
150,Young,Male,Rent,Married,Close,9,29197,16.77988506,821.4685248,27.38228416
151,Young,Female,Rent,Single,Close,7,11058.3,6.355344828,125.512884,4.1837628
152,Middle,Female,Own,Married,Far,16,109946,63.18735632,2463.825168,82.1275056
153,Middle,Male,Own,Single,Close,16,61176,35.15862069,945.4636,31.51545333
154,Young,Male,Rent,Single,Close,14,11764.5,6.761206896,334.551316,11.15171053
155,Middle,Female,Rent,Single,Close,4,36791,21.14425287,141.2564076,4.70854692
156,Middle,Female,Own,Single,Close,1,45026,25.87701149,300.2474552,10.00824851
157,Old,Female,Own,Single,Far,19,38074,21.8816092,1030.664726,34.35549087
158,Young,Female,Rent,Single,Close,1,5764,3.312643678,82.3394,2.744646667
159,Middle,Male,Own,Married,Far,13,114010,65.52298851,1863.8646,62.12882
160,Middle,Male,Own,Single,Close,19,49090,28.21264368,1333.587348,44.4529116
161,Young,Female,Rent,Single,Close,14,8587.7,4.93545977,263.762464,8.792082133
162,Young,Male,Rent,Single,Close,19,16470.3,9.465689655,371.978316,12.3992772
163,Middle,Male,Own,Single,Far,15,56256,32.33103448,700.765874,23.35886247
165,Old,Male,Own,Married,Close,9,47272,27.16781609,818.9856752,27.2995225
166,Middle,Female,Own,Married,Close,21,86844,49.91034483,1582.828136,52.76093787
167,Middle,Male,Own,Married,Far,9,123101,70.74770115,1386.5264,46.21754667
168,Old,Female,Rent,Married,Close,17,83208,47.82068966,1510.922232,50.3640744
169,Middle,Male,Own,Married,Far,11,142245,81.75,2817.976716,93.9325572
170,Old,Female,Own,Single,Close,23,25293.4,14.53643678,357.594832,11.91982773
171,Middle,Male,Rent,Single,Close,4,57005,32.76149425,443.9740448,14.79913482
172,Young,Female,Rent,Married,Far,3,48021,27.59827586,494.0110648,16.4670355
173,Middle,Male,Own,Single,Close,10,56898,32.7,785.967,26.1989
174,Middle,Male,Own,Married,Far,8,79358,45.60804598,1550.612126,51.68707087
175,Old,Male,Own,Married,Close,1,70695,40.62931034,910.909842,30.3636614
176,Old,Male,Own,Single,Close,15,41390,23.78735632,458.56712,15.28557066
177,Old,Female,Rent,Single,Close,9,23422,13.46091954,525.7560704,17.52520234
178,Young,Female,Rent,Married,Close,14,56791,32.63850575,917.8252,30.59417333
179,Middle,Female,Own,Married,Close,10,83208,47.82068966,1051.364736,35.0454912
180,Old,Female,Own,Married,Close,2,29946,17.21034483,299.6140752,9.98713584
181,Young,Female,Rent,Married,Close,9,58502,33.62183908,668.521074,22.2840358
182,Old,Female,Rent,Married,Close,5,42673,24.52471264,445.2408048,14.84136016
183,Middle,Female,Own,Married,Close,10,124705,71.66954023,1089.4136,36.31378667
184,Young,Male,Rent,Married,Close,2,41497,23.84885057,309.6721496,10.32240499
185,Middle,Male,Own,Married,Far,16,75721,43.51781609,1043.902368,34.7967456
186,Middle,Female,Own,Single,Close,10,44598,25.63103448,838.980906,27.9660302
188,Young,Female,Rent,Married,Close,1,35294,20.28390805,388.2556062,12.94185354
189,Middle,Female,Rent,Married,Close,13,119037,68.41206897,1543.783138,51.45943793
190,Young,Female,Own,Single,Close,23,23646.7,13.59005747,251.6246,8.387486667
191,Middle,Female,Rent,Married,Close,2,89839,51.6316092,448.43304,14.947768
192,Middle,Female,Own,Married,Close,19,30267,17.39482759,692.28434,23.07614466
193,Young,Female,Rent,Single,Far,17,3764.2,2.163333334,122.6454,4.08818
194,Young,Female,Rent,Single,Close,1,6470.2,3.718505747,116.288568,3.8762856
195,Old,Female,Own,Single,Close,4,61604,35.4045977,747.35961,24.911987
196,Middle,Male,Own,Married,Far,9,114224,65.64597701,1884.5934,62.81978
197,Middle,Male,Own,Married,Far,18,113796,65.4,1030.699274,34.35664247
198,Young,Female,Rent,Single,Close,2,11646.8,6.693563218,142.199568,4.7399856
199,Young,Female,Rent,Single,Close,3,7763.8,4.461954023,105.394432,3.513147733
200,Middle,Male,Own,Married,Far,22,99572,57.22528736,2010.140832,67.0046944
201,Old,Female,Own,Married,Far,4,78074,44.87011494,1142.986032,38.0995344
202,Middle,Male,Own,Married,Close,20,82245,47.26724138,990.940284,33.0313428
203,Middle,Male,Own,Married,Close,7,74866,43.02643678,1211.494716,40.3831572
204,Middle,Female,Rent,Married,Close,4,70481,40.50632184,159.61176,5.320392
205,Young,Male,Rent,Married,Close,4,78823,45.30057471,127.9174248,4.26391416
206,Young,Female,Rent,Married,Close,14,36256,20.83678161,609.2925586,20.30975196
207,Young,Female,Rent,Single,Close,11,23175.9,13.31948276,88.0974,2.93658
208,Middle,Male,Own,Married,Close,13,51016,29.31954023,537.1315752,17.90438584
209,Old,Female,Rent,Married,Close,4,19529.4,11.22379311,92.663494,3.088783133
210,Middle,Male,Rent,Single,Far,20,53368,30.67126437,1069.306664,35.64355547
211,Middle,Male,Own,Single,Far,22,65989,37.92471264,978.295716,32.6098572
212,Young,Female,Rent,Single,Close,18,14470.5,8.316379311,177.31761,5.910587
213,Young,Male,Rent,Married,Far,21,15528.7,8.92454023,287.923032,9.5974344
214,Middle,Female,Rent,Married,Far,20,58288,33.49885057,669.0796,22.30265333
215,Middle,Female,Own,Married,Far,20,101283,58.20862069,1468.831252,48.96104173
216,Middle,Female,Rent,Married,Far,19,121711,69.94885057,2902.032,96.7344
217,Young,Female,Rent,Single,Far,16,12117.6,6.964137931,219.414348,7.3138116
218,Young,Female,Rent,Married,Close,3,37754,21.69770115,542.1479448,18.07159816
219,Middle,Male,Rent,Single,Close,14,49518,28.45862069,990.376,33.01253333
220,Middle,Female,Rent,Single,Close,9,38288,22.0045977,480.767089,16.02556964
221,Middle,Male,Own,Married,Close,13,97754,56.18045977,57.0042,1.90014
222,Middle,Female,Own,Single,Close,14,47272,27.16781609,796.15866,26.538622
223,Old,Male,Own,Single,Close,10,59037,33.92931034,911.46261,30.382087
224,Middle,Male,Own,Married,Close,20,109304,62.8183908,634.508568,21.1502856
226,Young,Female,Rent,Single,Close,6,8234.6,4.732528736,131.8582,4.395273333
227,Old,Female,Rent,Married,Close,23,96256,55.31954023,1496.515716,49.8838572
228,Young,Female,Own,Single,Far,8,24171,13.89137931,490.2741228,16.34247076
229,Old,Male,Own,Married,Close,7,68663,39.46149425,404.09644,13.46988134
230,Old,Female,Rent,Single,Far,9,9411.6,5.408965517,217.6524,7.25508
231,Middle,Male,Rent,Married,Far,4,60962,35.03563218,893.6416,29.78805333
232,Old,Male,Own,Married,Far,8,27807,15.98103448,620.1233566,20.67077856
233,Old,Female,Own,Married,Close,16,72085,41.42816092,1427.431232,47.58104107
234,Young,Male,Rent,Single,Far,21,15646.4,8.992183908,259.11,8.637
235,Middle,Male,Rent,Married,Close,20,65989,37.92471264,1590.958432,53.03194773
236,Young,Male,Rent,Married,Far,19,49839,28.64310345,898.248,29.9416
237,Old,Female,Own,Single,Close,18,28021,16.10402299,656.81506,21.89383534
238,Young,Female,Own,Married,Far,4,68342,39.27701149,437.0322,14.56774
239,Young,Female,Rent,Single,Close,22,19058.6,10.95321839,443.360242,14.77867473
240,Young,Male,Own,Single,Close,17,36791,21.14425287,407.2380048,13.57460016
241,Young,Female,Rent,Married,Close,19,60106,34.54367816,870.6096,29.02032
242,Old,Male,Own,Married,Close,7,107379,61.71206897,855.063,28.5021
243,Young,Male,Rent,Single,Far,22,8116.9,4.664885058,328.188726,10.9396242
244,Middle,Female,Rent,Married,Close,15,77967,44.80862069,737.8623648,24.59541216
245,Middle,Male,Own,Married,Far,15,120855,69.45689655,1108.9908,36.96636
246,Old,Male,Rent,Married,Far,16,63422,36.44942529,1291.530916,43.05103053
247,Middle,Female,Own,Single,Close,16,50695,29.13505747,216.61596,7.220532
248,Middle,Male,Own,Married,Close,19,82566,47.45172414,952.367442,31.7455814
249,Young,Female,Rent,Married,Close,16,7999.2,4.59724138,209.026916,6.967563867
250,Young,Female,Rent,Single,Far,2,8823.1,5.070747127,127.8276,4.26092
251,Young,Male,Rent,Single,Close,21,16823.4,9.668620689,389.839632,12.9946544
252,Old,Male,Rent,Single,Close,2,25881.9,14.87465517,277.524084,9.2508028
253,Old,Female,Rent,Single,Close,21,8940.8,5.138390805,221.683,7.389433333
254,Old,Male,Own,Single,Close,17,62352,35.83448276,830.8794,27.69598
255,Middle,Female,Own,Married,Close,23,100320,57.65517241,1030.100442,34.3366814
256,Young,Female,Rent,Single,Far,21,15057.9,8.653965517,570.612042,19.0204014
257,Middle,Male,Own,Single,Close,17,53155,30.54885057,339.428342,11.31427806
258,Old,Male,Rent,Married,Close,16,88983,51.13965517,1256.982916,41.89943053
259,Young,Male,Rent,Single,Close,3,22469.7,12.91362069,284.4452,9.481506667
260,Young,Female,Rent,Single,Close,15,10469.8,6.017126437,289.59861,9.653287
261,Young,Female,Rent,Single,Close,9,6705.6,3.853793104,50.060052,1.6686684
262,Middle,Male,Rent,Single,Close,21,38716,22.25057471,580.8347952,19.36115984
263,Middle,Female,Rent,Married,Close,21,114545,65.83045977,1137.826864,37.92756213
264,Middle,Male,Own,Married,Close,8,95294,54.76666667,200.0974096,6.669913654
265,Middle,Male,Own,Married,Close,11,96470,55.44252874,940.880232,31.3626744
266,Middle,Male,Own,Married,Far,21,80641,46.3454023,1171.764516,39.0588172
267,Old,Male,Own,Single,Far,20,58823,33.80632184,1896.1094,63.20364667
268,Young,Female,Rent,Single,Close,9,7528.4,4.326666666,82.345158,2.7448386
269,Middle,Male,Own,Married,Close,7,108235,62.20402299,402.2216352,13.40738784
270,Young,Female,Own,Married,Close,10,74010,42.53448276,620.0980214,20.66993404
271,Middle,Male,Rent,Married,Close,15,80000,45.97701149,1058.285852,35.27619507
272,Young,Female,Rent,Single,Far,5,5881.7,3.380287357,152.0112,5.06704
273,Middle,Male,Own,Married,Close,4,73903,42.47298851,455.40022,15.18000734
274,Middle,Male,Own,Married,Close,16,80320,46.16091954,828.4673738,27.61557912
275,Old,Female,Own,Married,Close,19,102994,59.19195402,1209.18,40.306
276,Young,Male,Rent,Single,Close,21,8470,4.867816092,230.29121,7.676373667
277,Middle,Female,Own,Single,Far,5,43315,24.89367816,536.441191,17.88137304
278,Young,Female,Rent,Single,Close,3,28587.9,16.42982759,205.577874,6.8525958
279,Young,Female,Rent,Married,Far,16,27486,15.79655172,808.19288,26.93976266
280,Middle,Male,Own,Married,Close,23,69732,40.07586207,1434.8936,47.82978667
281,Middle,Female,Own,Married,Close,8,107593,61.83505747,870.6096,29.02032
282,Middle,Male,Own,Married,Close,6,110053,63.24885057,551.0152648,18.3671755
283,Middle,Female,Own,Married,Close,21,62459,35.89597701,594.0977724,19.80325908
284,Old,Female,Own,Single,Close,7,38823,22.31206897,912.0672,30.40224
285,Old,Female,Own,Single,Close,9,48021,27.59827586,727.088571,24.2362857
286,Middle,Female,Own,Married,Far,19,78716,45.23908046,1635.295032,54.5098344
287,Middle,Female,Rent,Single,Close,11,38181,21.94310345,523.80526,17.46017534
288,Young,Male,Rent,Single,Far,8,14117.4,8.113448276,246.465432,8.2155144
289,Young,Female,Rent,Single,Close,2,8823.1,5.070747127,105.405948,3.5135316
290,Middle,Female,Own,Married,Close,4,65454,37.61724138,518.10484,17.27016134
291,Young,Male,Rent,Married,Close,7,31764,18.25517241,462.9944462,15.4331482
292,Old,Male,Own,Married,Far,22,50909,29.25804598,1245.4554,41.51518
293,Middle,Male,Own,Married,Close,10,62994,36.20344828,684.7344504,22.82448168
294,Young,Male,Own,Single,Far,9,34866,20.03793103,687.2173,22.90724334
295,Young,Male,Rent,Married,Far,2,64491,37.0637931,697.8696,23.26232
296,Middle,Male,Own,Single,Close,13,56363,32.39252874,818.753052,27.2917684
297,Middle,Female,Own,Married,Far,17,102459,58.88448276,1288.6404,42.95468
298,Middle,Female,Rent,Single,Close,18,29625,17.02586207,1022.9087,34.09695666
299,Middle,Male,Own,Single,Close,3,46631,26.79942529,451.6252752,15.05417584
300,Middle,Male,Rent,Married,Close,3,106631,61.28218391,384.4426586,12.81475528
301,Middle,Male,Rent,Single,Close,3,50160,28.82758621,465.4962972,15.51654324
302,Young,Female,Rent,Married,Close,5,21764.6,12.50839081,80.047716,2.6682572
303,Young,Male,Rent,Married,Far,17,42032,24.15632184,859.5219952,28.65073318
304,Old,Male,Own,Married,Close,14,51871,29.81091954,543.4780428,18.11593476
305,Young,Female,Own,Single,Close,8,24469.5,14.06293104,234.920642,7.830688067
306,Middle,Male,Own,Married,Close,10,119358,68.59655172,894.228916,29.80763053
307,Middle,Female,Own,Married,Close,2,132299,76.03390805,1191.906,39.7302
308,Old,Male,Rent,Single,Close,8,38288,22.0045977,584.0206966,19.46735656
309,Middle,Female,Own,Married,Far,10,119037,68.41206897,1440.640084,48.02133613
310,Young,Female,Rent,Single,Far,17,21882.3,12.57603448,245.325348,8.1775116
311,Middle,Male,Rent,Married,Close,20,60427,34.72816092,1336.408768,44.54695893
312,Old,Female,Own,Single,Close,17,25561,14.69022989,545.9862276,18.19954092
313,Middle,Male,Own,Single,Close,21,52299,30.05689655,1471.151726,49.03839087
314,Middle,Male,Own,Single,Far,9,50160,28.82758621,751.1760124,25.03920042
315,Old,Male,Own,Married,Close,25,82673,47.51321839,1636.435116,54.5478372
316,Old,Male,Own,Single,Close,11,49625,28.52011494,561.1493448,18.70497816
317,Middle,Male,Own,Married,Close,8,96149,55.25804598,817.647516,27.2549172
318,Middle,Male,Rent,Single,Far,1,52192,29.9954023,520.0303152,17.33434384
319,Young,Female,Rent,Married,Close,5,22234.3,12.77833334,139.3436,4.644786667
320,Young,Female,Rent,Single,Close,6,17646.2,10.14149425,271.823664,9.0607888
321,Middle,Female,Rent,Married,Close,8,95935,55.13505747,779.6717786,25.98905928
322,Middle,Female,Rent,Single,Close,7,35508,20.40689655,558.00778,18.60025934
323,Old,Male,Own,Married,Close,7,23293.6,13.38712643,250.50179,8.350059667
324,Young,Female,Rent,Single,Close,11,11411.4,6.558275863,62.140336,2.071344533
325,Young,Female,Rent,Married,Close,15,36256,20.83678161,364.8015448,12.1600515
326,Young,Male,Rent,Married,Far,21,36898,21.20574713,832.2423186,27.74141062
327,Young,Male,Rent,Single,Close,5,16352.6,9.398045977,170.37922,5.679307333
328,Young,Female,Rent,Married,Close,3,67058,38.53908046,369.8559172,12.32853058
329,Middle,Male,Rent,Single,Close,23,58609,33.68333333,665.601768,22.1867256
330,Middle,Male,Own,Married,Close,23,102139,58.70057471,1418.7712,47.29237333
331,Middle,Female,Own,Married,Close,13,44812,25.75402299,579.5046972,19.31682324
332,Middle,Male,Own,Single,Close,22,57005,32.76149425,1204.02659,40.13421967
333,Young,Male,Rent,Married,Far,22,37005,21.26724138,973.125032,32.43750107
334,Middle,Male,Own,Single,Close,9,71336,40.99770115,733.5692,24.45230667
335,Young,Female,Rent,Single,Close,19,21390,12.29310345,640.98056,21.36601866
336,Middle,Female,Rent,Single,Close,9,39251,22.55804598,601.647662,20.05492206
337,Young,Male,Rent,Single,Close,7,3764.2,2.163333334,191.7414,6.39138
338,Middle,Female,Own,Married,Close,24,60213,34.60517241,430.0840214,14.33613404
339,Young,Female,Own,Single,Far,9,28021,16.10402299,384.4489924,12.81496642
340,Old,Female,Own,Married,Far,17,76791,44.13275862,1956.574158,65.2191386
341,Middle,Male,Own,Married,Close,3,80748,46.40689655,544.0670862,18.13556954
342,Middle,Male,Own,Single,Far,13,78930,45.36206897,1407.22641,46.907547
343,Middle,Male,Own,Married,Close,23,86737,49.84885057,682.7583048,22.75861016
344,Middle,Male,Rent,Married,Far,17,125989,72.40747126,1460.827632,48.6942544
345,Young,Male,Own,Single,Close,1,26631,15.30517241,390.16208,13.00540266
346,Middle,Female,Own,Single,Close,3,49518,28.45862069,321.75704,10.72523467
347,Old,Male,Own,Married,Far,3,9881.3,5.678908046,171.0126,5.70042
348,Middle,Male,Own,Married,Close,2,67593,38.84655172,911.4914,30.38304667
349,Young,Female,Rent,Single,Close,2,18823.2,10.81793103,45.511232,1.517041067
350,Middle,Female,Own,Married,Close,17,80641,46.3454023,416.13066,13.871022
351,Middle,Female,Own,Married,Close,23,97219,55.87298851,1237.371168,41.2457056
352,Old,Female,Rent,Married,Far,15,87058,50.03333333,2091.27681,69.709227
353,Middle,Female,Own,Married,Close,16,85454,49.11149425,1284.051274,42.80170913
354,Middle,Female,Own,Single,Close,8,40748,23.4183908,283.75424,9.458474666
355,Middle,Male,Rent,Single,Close,22,37219,21.39022989,190.64738,6.354912666
356,Old,Male,Own,Married,Close,16,72513,41.67413793,1133.1744,37.77248
357,Middle,Female,Rent,Married,Close,1,70588,40.56781609,310.3308648,10.34436216
358,Middle,Male,Own,Married,Close,20,119251,68.53505747,1763.709948,58.7903316
359,Middle,Male,Own,Single,Close,2,62352,35.83448276,122.274009,4.0758003
360,Middle,Female,Rent,Married,Close,9,63422,36.44942529,56.4468256,1.881560854
361,Middle,Male,Own,Married,Far,22,103636,59.56091954,1535.094316,51.16981053
362,Middle,Female,Own,Married,Close,14,69411,39.89137931,1062.903768,35.4301256
363,Middle,Male,Own,Married,Far,8,84598,48.61954023,794.9109014,26.49703004
364,Middle,Male,Own,Married,Close,11,95508,54.88965517,684.6774462,22.82258154
365,Young,Female,Rent,Single,Close,4,3764.2,2.163333334,114.543894,3.8181298
366,Middle,Male,Own,Married,Close,14,95508,54.88965517,2254.827042,75.1609014
367,Old,Female,Own,Single,Far,4,19999.1,11.49373563,205.5606,6.85202
368,Middle,Female,Rent,Married,Close,21,42459,24.40172414,622.6505428,20.7550181
369,Middle,Female,Rent,Single,Close,8,49946,28.7045977,756.25572,25.208524
370,Middle,Male,Rent,Married,Close,11,108342,62.26551724,1280.573442,42.6857814
371,Young,Female,Rent,Single,Close,5,5999.4,3.447931035,51.856548,1.7285516
372,Young,Male,Rent,Married,Close,3,31657,18.19367816,371.7687248,12.39229082
373,Old,Male,Own,Married,Close,7,63422,36.44942529,689.0984386,22.96994796
374,Young,Female,Own,Single,Close,3,28235,16.22701149,390.7827924,13.02609308
375,Middle,Male,Own,Married,Far,1,67379,38.72356322,706.489326,23.5496442
376,Middle,Female,Own,Single,Close,21,43743,25.13965517,419.2595572,13.97531858
377,Middle,Female,Rent,Married,Close,14,35828,20.5908046,393.96236,13.13207866
378,Old,Male,Own,Single,Close,10,66417,38.17068966,850.433568,28.3477856
379,Young,Female,Rent,Single,Close,3,7410.7,4.259022988,135.911832,4.5303944
380,Middle,Female,Rent,Married,Far,7,73582,42.28850575,1053.714,35.1238
381,Middle,Female,Rent,Married,Close,23,44491,25.56954023,911.514432,30.3838144
382,Old,Female,Own,Single,Close,10,34866,20.03793103,386.3364648,12.87788216
383,Young,Female,Rent,Single,Close,9,5528.6,3.177356322,111.1294,3.704313333
384,Young,Male,Rent,Married,Close,9,48770,28.02873563,666.379098,22.2126366
386,Old,Male,Own,Married,Close,19,124064,71.30114943,2113.784832,70.4594944
387,Old,Female,Rent,Married,Far,17,61604,35.4045977,1270.203284,42.34010947
388,Middle,Female,Own,Single,Far,16,29518,16.96436782,473.7872414,15.79290804
389,Middle,Male,Own,Married,Close,1,72192,41.48965517,852.794348,28.42647827
390,Old,Male,Own,Married,Close,24,53048,30.48735632,925.322116,30.84407053
391,Old,Female,Rent,Single,Close,3,32085,18.43965517,400.3214952,13.34404984
392,Young,Female,Rent,Single,Far,1,13411.2,7.707586207,174.490432,5.816347733
393,Young,Male,Rent,Single,Close,2,21176.1,12.17017241,152.0112,5.06704
394,Middle,Male,Own,Married,Far,19,58181,33.43735632,906.885,30.2295
395,Middle,Male,Own,Married,Close,16,74224,42.65747126,558.0331152,18.60110384
396,Young,Male,Own,Married,Close,16,51443,29.56494253,828.610748,27.62035827
397,Old,Female,Own,Married,Far,10,18587.8,10.68264368,260.267358,8.6755786
398,Old,Female,Own,Married,Close,5,3646.5,2.095689655,53.526368,1.784212267
399,Young,Male,Rent,Single,Close,13,12705,7.301724137,168.110568,5.6036856
400,Middle,Female,Own,Married,Close,3,55721,32.02356322,821.073526,27.36911753
401,Young,Female,Rent,Single,Far,1,14940.2,8.586321839,190.002484,6.333416133
402,Middle,Male,Own,Married,Far,21,71443,41.0591954,1796.496,59.8832
403,Middle,Male,Own,Married,Far,19,113689,65.33850575,2965.940042,98.86466807
404,Middle,Male,Own,Married,Far,11,119144,68.47356322,2269.19901,75.639967
405,Middle,Male,Own,Married,Close,21,91229,52.43045977,1232.764768,41.09215893
406,Young,Male,Rent,Single,Close,4,4940.1,2.839137931,61.00601,2.033533667
407,Young,Female,Rent,Married,Far,11,27175.5,15.61810345,305.122178,10.17073927
408,Middle,Female,Own,Single,Close,9,39037,22.43505747,316.7026676,10.55675559
409,Middle,Male,Own,Married,Close,16,96791,55.62701149,1633.567632,54.4522544
410,Old,Male,Own,Married,Close,21,50909,29.25804598,789.2041476,26.30680492
411,Middle,Male,Rent,Single,Far,3,37967,21.82011494,505.43724,16.847908
412,Middle,Male,Own,Single,Close,5,81069,46.59137931,889.000652,29.63335507
413,Old,Male,Own,Married,Far,23,59144,33.9908046,1522.44399,50.748133
414,Young,Male,Rent,Single,Far,2,17528.5,10.07385057,110.5536,3.68512
415,Middle,Female,Rent,Single,Far,14,30588,17.57931034,547.8483648,18.26161216
416,Middle,Male,Own,Married,Close,2,96149,55.25804598,734.1127552,24.47042518
417,Young,Female,Rent,Married,Close,17,31978,18.37816092,937.434069,31.2478023
418,Middle,Female,Rent,Married,Close,13,92513,53.1683908,821.0908,27.36969333
419,Middle,Male,Own,Married,Close,9,96577,55.50402299,1755.0384,58.50128
420,Young,Male,Rent,Single,Close,8,17528.5,10.07385057,158.9208,5.29736
421,Middle,Male,Rent,Single,Close,23,59893,34.42126437,1099.754968,36.65849893
422,Young,Female,Rent,Single,Close,5,5293.2,3.042068965,90.423632,3.014121067
423,Middle,Male,Own,Single,Close,5,40213,23.11091954,149.446011,4.9815337
424,Young,Female,Rent,Single,Close,8,17528.5,10.07385057,331.637768,11.05459227
425,Middle,Male,Rent,Single,Far,8,40748,23.4183908,502.9543904,16.76514634
426,Old,Female,Own,Married,Close,7,72620,41.73563218,848.763748,28.29212493
427,Young,Male,Rent,Single,Close,5,8470,4.867816092,143.996064,4.7998688
428,Young,Female,Rent,Single,Far,19,19058.6,10.95321839,453.70161,15.123387
429,Old,Male,Own,Married,Close,7,70909,40.75229885,975.393684,32.5131228
430,Old,Male,Own,Married,Far,19,36684,21.08275862,1142.957242,38.09857473
431,Old,Female,Own,Single,Far,22,27486,15.79655172,793.023429,26.4341143
432,Old,Female,Own,Single,Close,9,30160,17.33333333,523.8305952,17.46101984
433,Young,Female,Rent,Single,Close,14,7176.4,4.124367816,180.824232,6.0274744
434,Middle,Male,Own,Married,Close,5,96684,55.56551724,557.3744,18.57914666
435,Young,Female,Rent,Single,Far,4,18940.9,10.88557471,268.317042,8.9439014
436,Middle,Male,Own,Single,Close,8,45133,25.93850575,132.9907986,4.43302662
437,Middle,Male,Own,Single,Far,16,40641,23.35689655,571.277091,19.0425697
438,Middle,Male,Own,Married,Close,14,85775,49.29597701,806.92612,26.89753734
439,Middle,Male,Own,Single,Close,20,45882,26.36896552,939.152832,31.3050944
440,Middle,Male,Own,Married,Close,9,64064,36.8183908,702.476,23.41586667
441,Middle,Female,Own,Single,Close,11,43422,24.95517241,507.3120448,16.9104015
442,Middle,Female,Own,Single,Close,8,43743,25.13965517,690.320862,23.0106954
443,Middle,Male,Own,Single,Close,14,56042,32.20804598,978.307232,32.61024107
444,Middle,Female,Rent,Single,Close,3,30234.6,17.37620689,157.1934,5.23978
445,Middle,Male,Rent,Single,Close,13,29090,16.7183908,331.289409,11.0429803
446,Middle,Male,Own,Married,Close,9,95828,55.07356322,827.4246,27.58082
447,Middle,Female,Own,Married,Close,4,127593,73.32931034,1087.1104,36.23701333
448,Young,Male,Rent,Single,Close,10,28941,16.63275863,274.103832,9.1367944
449,Middle,Female,Own,Married,Far,13,108128,62.14252874,1515.494084,50.51646947
450,Middle,Female,Rent,Single,Close,21,38823,22.31206897,206.5072152,6.88357384
451,Old,Female,Rent,Single,Far,3,12822.7,7.369367816,256.852864,8.561762133
452,Middle,Male,Own,Single,Far,14,46096,26.49195402,678.3246448,22.6108215
453,Old,Female,Own,Married,Close,10,72406,41.61264368,978.31299,32.610433
454,Old,Male,Rent,Married,Close,5,56684,32.57701149,611.8197448,20.3939915
455,Young,Male,Own,Single,Close,10,28235,16.22701149,359.12646,11.970882
456,Middle,Female,Rent,Married,Close,5,66096,37.9862069,954.630336,31.8210112
457,Middle,Female,Rent,Single,Close,5,22000,12.64367816,99.6134,3.320446667
458,Middle,Male,Own,Married,Close,19,82032,47.14482759,1925.498232,64.1832744
459,Middle,Male,Rent,Single,Close,8,46524,26.73793103,651.7290186,21.72430062
460,Young,Female,Rent,Single,Close,11,12117.6,6.964137931,198.651,6.6217
461,Middle,Male,Own,Single,Close,2,41497,23.84885057,450.9222234,15.03074078
462,Old,Male,Own,Married,Close,10,108983,62.63390805,1060.024768,35.33415893
463,Middle,Female,Rent,Married,Close,5,57219,32.88448276,258.989082,8.6329694
464,Old,Female,Own,Married,Far,13,82459,47.39022989,1560.400726,52.01335753
465,Young,Male,Rent,Married,Far,10,21293.8,12.2378161,340.8736,11.36245333
466,Middle,Male,Own,Married,Close,17,67272,38.66206897,1209.732768,40.3244256
467,Middle,Male,Own,Married,Close,9,96363,55.38103448,848.1534,28.27178
468,Middle,Female,Own,Married,Close,14,69732,40.07586207,452.8667,15.09555666
469,Old,Female,Own,Married,Far,7,76898,44.19425287,1285.7614,42.85871333
470,Middle,Female,Own,Single,Far,3,59358,34.1137931,583.374649,19.44582164
471,Young,Female,Rent,Single,Close,4,12705,7.301724137,124.3728,4.14576
472,Middle,Female,Own,Married,Close,4,105347,60.54425287,1025.522832,34.1840944
473,Middle,Female,Own,Single,Close,9,41818,24.03333333,264.75284,8.825094666
474,Young,Male,Rent,Single,Close,10,23646.7,13.59005747,154.3144,5.143813333
475,Young,Male,Rent,Married,Far,2,57005,32.76149425,720.9016,24.03005333
476,Young,Female,Rent,Single,Close,5,5881.7,3.380287357,80.612,2.687066667
477,Middle,Female,Own,Single,Close,11,44278,25.44712644,628.281291,20.9427097
478,Middle,Male,Rent,Single,Close,16,41283,23.72586207,879.1061048,29.30353682
479,Middle,Female,Own,Single,Close,4,33176,19.06666666,134.115336,4.4705112
480,Middle,Male,Rent,Single,Far,22,56898,32.7,1326.648958,44.22163193
481,Middle,Female,Rent,Married,Far,16,50160,28.82758621,1253.493568,41.78311893
482,Middle,Male,Own,Married,Close,9,67807,38.96954023,713.7749234,23.79249744
483,Young,Male,Rent,Married,Close,13,31978,18.37816092,456.698649,15.2232883
484,Old,Female,Own,Single,Close,10,31122,17.8862069,277.4711104,9.249037014
485,Young,Female,Rent,Single,Close,15,4705.8,2.704482759,226.312432,7.543747733
486,Middle,Male,Own,Single,Close,13,58395,33.56034483,959.2828,31.97609333
487,Middle,Male,Own,Married,Close,15,87379,50.21781609,1409.523852,46.9841284
488,Middle,Female,Own,Married,Far,13,87272,50.15632184,1475.7754,49.19251333
489,Middle,Male,Rent,Married,Close,15,77540,44.56321839,1015.10661,33.836887
490,Young,Female,Rent,Single,Close,5,13999.7,8.045804598,105.912652,3.530421733
491,Old,Female,Own,Single,Close,2,12117.6,6.964137931,95.628864,3.1876288
492,Middle,Female,Rent,Married,Close,5,79572,45.73103448,642.2346524,21.40782174
493,Young,Male,Rent,Married,Close,20,31550,18.13218391,722.0341986,24.06780662
494,Middle,Female,Own,Single,Close,15,38823,22.31206897,646.6936476,21.55645492
495,Middle,Male,Own,Married,Close,19,74545,42.84195402,824.004348,27.4668116
496,Middle,Male,Own,Married,Far,21,124064,71.30114943,2664.8024,88.82674667
497,Middle,Male,Own,Single,Close,3,52727,30.30287356,203.3403152,6.778010506
498,Middle,Male,Own,Married,Close,22,67379,38.72356322,1136.65799,37.88859967
499,Middle,Male,Own,Single,Close,17,43957,25.26264368,944.335032,31.4778344
500,Young,Female,Rent,Married,Close,4,77433,44.50172414,744.2088324,24.80696108
501,Middle,Female,Own,Married,Close,10,60641,34.85114943,230.5249848,7.68416616
502,Young,Male,Rent,Single,Close,9,16705.7,9.600977012,240.114358,8.003811933
503,Middle,Male,Rent,Single,Close,9,50160,28.82758621,671.3828,22.37942666
504,Old,Female,Own,Married,Close,15,119572,68.71954023,1252.9408,41.76469333
505,Middle,Female,Own,Married,Close,4,77433,44.50172414,126.6633324,4.22211108
506,Old,Female,Rent,Single,Far,20,15764.1,9.059827587,295.402674,9.8467558
507,Middle,Male,Rent,Single,Close,13,48556,27.90574713,542.7876586,18.09292196
508,Old,Female,Own,Single,Close,5,12469.6,7.166436782,128.984958,4.2994986
509,Young,Male,Rent,Single,Close,7,19411.7,11.15614942,213.644832,7.1214944
510,Young,Male,Rent,Married,Close,8,53368,30.67126437,435.1193924,14.50397974
511,Middle,Male,Own,Married,Close,9,94224,54.15172414,512.4234214,17.08078072
512,Middle,Male,Own,Married,Close,19,120641,69.33390805,1203.456548,40.11521827
513,Old,Male,Own,Single,Close,21,55294,31.77816092,851.6082,28.38694
514,Middle,Female,Own,Married,Close,5,74545,42.84195402,1229.9088,40.99696
515,Middle,Male,Own,Married,Close,13,64812,37.24827586,674.80881,22.493627
516,Middle,Male,Own,Single,Close,23,58288,33.49885057,613.0611696,20.43537232
517,Old,Female,Own,Married,Close,1,70481,40.50632184,476.8908034,15.89636012
518,Old,Female,Rent,Single,Close,4,16705.7,9.600977012,139.297536,4.6432512
519,Old,Male,Rent,Single,Close,10,29881.5,17.17327587,296.525484,9.8841828
520,Middle,Female,Own,Married,Close,18,59037,33.92931034,1220.143232,40.67144107
521,Old,Female,Own,Single,Close,2,20469.9,11.76431035,282.723558,9.4241186
522,Middle,Male,Own,Married,Close,7,63636,36.57241379,181.14668,6.038222666
523,Old,Female,Rent,Married,Far,23,69732,40.07586207,1767.1302,58.90434
524,Young,Female,Rent,Single,Close,5,11646.8,6.693563218,161.776768,5.392558933
525,Young,Male,Rent,Married,Close,23,52727,30.30287356,925.8864,30.86288
526,Old,Female,Own,Single,Far,8,17646.2,10.14149425,423.777284,14.12590947
527,Young,Female,Rent,Single,Close,14,13882,7.978160919,97.862968,3.262098933
528,Young,Female,Rent,Single,Close,20,23058.2,13.25183908,141.059484,4.7019828
529,Middle,Female,Rent,Married,Close,23,69625,40.01436782,1757.37039,58.579013
530,Middle,Male,Own,Single,Far,18,51978,29.87241379,1028.344252,34.27814173
532,Old,Male,Own,Married,Close,19,41604,23.91034483,947.202516,31.5734172
533,Young,Female,Own,Single,Close,5,9529.3,5.476609195,157.746168,5.2582056
534,Middle,Male,Own,Married,Close,11,142994,82.18045977,576.398832,19.2132944
535,Middle,Male,Own,Married,Close,22,89090,51.20114943,1119.366716,37.31222387
536,Old,Male,Own,Married,Close,16,95080,54.64367816,1488.425726,49.61419087
537,Young,Male,Rent,Single,Far,5,16234.9,9.330402299,149.708,4.990266667
538,Middle,Male,Own,Married,Close,10,97754,56.18045977,814.1812,27.13937333
539,Young,Female,Rent,Single,Close,7,9411.6,5.408965517,196.324768,6.544158933
540,Young,Male,Rent,Single,Close,11,12587.3,7.23408046,154.325916,5.1441972
541,Middle,Male,Own,Married,Close,16,102032,58.63908046,712.316422,23.74388073
542,Young,Male,Rent,Single,Far,17,12705,7.301724137,339.17499,11.305833
543,Young,Male,Rent,Single,Far,8,7999.2,4.59724138,211.86561,7.062187
544,Middle,Female,Rent,Single,Close,7,46524,26.73793103,595.3962014,19.84654004
545,Middle,Female,Rent,Single,Close,16,37433,21.51321839,146.94416,4.898138666
546,Middle,Male,Own,Married,Close,11,94973,54.58218391,429.4443076,14.31481026
547,Young,Male,Rent,Single,Close,10,9647,5.544252874,186.5592,6.21864
548,Young,Male,Rent,Single,Close,8,10352.1,5.949482759,84.625326,2.8208442
549,Old,Male,Own,Single,Close,3,47486,27.2908046,439.5087158,14.65029052
550,Old,Female,Rent,Married,Close,1,33368,19.17701149,333.1705476,11.10568492
551,Middle,Female,Rent,Single,Close,8,35187,20.22241379,371.1416786,12.37138928
552,Young,Female,Own,Single,Close,7,17175.4,9.87091954,282.694768,9.423158933
553,Old,Female,Own,Married,Close,20,62994,36.20344828,826.8488,27.56162667
554,Middle,Female,Own,Married,Close,8,96791,55.62701149,736.983694,24.56612313
555,Middle,Male,Rent,Married,Far,13,59893,34.42126437,1213.170294,40.4390098
556,Young,Female,Own,Single,Far,11,26631,15.30517241,544.675131,18.1558377
557,Middle,Female,Rent,Single,Far,17,41176,23.66436782,935.0992,31.16997333
558,Old,Female,Own,Single,Close,9,6823.3,3.921436782,132.445516,4.414850533
559,Old,Female,Own,Married,Far,8,6587.9,3.786149425,94.465748,3.148858267
560,Middle,Male,Rent,Single,Close,4,46737,26.86034483,99.472329,3.3157443
561,Young,Female,Rent,Single,Close,4,12822.7,7.369367816,35.705358,1.1901786
562,Young,Female,Rent,Single,Close,14,8705.4,5.003103448,128.414916,4.2804972
563,Old,Female,Own,Single,Close,2,19763.7,11.35844828,252.2004,8.40668
564,Middle,Male,Own,Married,Close,21,83101,47.7591954,1557.504452,51.91681507
565,Middle,Female,Rent,Single,Close,5,31978,18.37816092,235.0029814,7.833432714
566,Old,Female,Own,Single,Close,5,15999.5,9.195114942,115.747316,3.858243867
567,Young,Male,Rent,Married,Close,22,36898,21.20574713,768.2646048,25.60882016
568,Middle,Male,Own,Married,Close,2,81390,46.77586207,371.1353448,12.37117816
569,Middle,Male,Own,Married,Far,22,87379,50.21781609,1550.663948,51.68879827
570,Old,Female,Own,Married,Close,20,51016,29.31954023,808.4232,26.94744
571,Middle,Male,Own,Single,Close,15,66203,38.04770115,1603.050232,53.43500773
572,Young,Female,Rent,Single,Close,14,17881.6,10.27678161,158.379548,5.279318267
573,Middle,Female,Own,Married,Close,8,68342,39.27701149,502.8530496,16.76176832
574,Middle,Male,Own,Single,Close,10,52299,30.05689655,610.57832,20.35261066
575,Middle,Female,Own,Married,Close,16,78930,45.36206897,920.1284,30.67094667
576,Middle,Male,Own,Married,Far,22,100106,57.53218391,1634.154948,54.4718316
577,Old,Female,Own,Single,Close,4,35187,20.22241379,392.0748876,13.06916292
578,Young,Female,Rent,Married,Close,10,68663,39.46149425,248.28496,8.276165334
579,Old,Female,Own,Married,Close,15,57754,33.19195402,1065.20121,35.506707
580,Old,Male,Own,Single,Close,22,33903,19.48448276,953.9209504,31.79736502
581,Middle,Male,Own,Married,Far,15,98288,56.48735632,1799.9508,59.99836
582,Middle,Male,Own,Single,Close,4,61283,35.22011494,762.935,25.43116667
583,Middle,Female,Own,Married,Close,8,73368,42.16551724,887.296284,29.5765428
584,Young,Female,Rent,Married,Far,21,49946,28.7045977,1434.329316,47.8109772
585,Middle,Male,Own,Single,Close,15,63743,36.63390805,677.728116,22.5909372
586,Old,Female,Own,Married,Close,11,87700,50.40229885,856.180052,28.53933507
587,Young,Female,Rent,Single,Far,9,13175.8,7.572298851,185.4076,6.180253333
588,Young,Female,Rent,Married,Close,2,71229,40.9362069,409.79686,13.65989534
589,Middle,Female,Rent,Single,Far,9,41283,23.72586207,837.32836,27.91094534
590,Young,Male,Own,Married,Close,3,70588,40.56781609,883.2772,29.44257333
591,Young,Male,Own,Single,Close,10,26588.1,15.28051724,335.702916,11.1900972
592,Middle,Male,Rent,Married,Close,5,91871,52.79942529,981.739,32.72463333
593,Old,Female,Rent,Single,Far,3,8116.9,4.664885058,109.92022,3.664007333
594,Young,Male,Rent,Married,Close,1,61283,35.22011494,151.4031552,5.04677184
595,Middle,Male,Own,Married,Close,1,74973,43.08793103,359.7851752,11.99283918
596,Young,Female,Own,Single,Close,11,24117.5,13.86063218,328.758768,10.9586256
597,Old,Male,Rent,Married,Close,2,80000,45.97701149,582.1268904,19.40422968
598,Old,Female,Rent,Married,Close,16,37112,21.32873563,885.4779076,29.51593026
599,Old,Female,Own,Married,Close,8,47058,27.04482759,649.246169,21.64153896
600,Middle,Male,Rent,Single,Close,9,52299,30.05689655,575.74242,19.191414
601,Young,Male,Rent,Single,Close,11,15057.9,8.653965517,120.382506,4.0127502
602,Young,Male,Rent,Single,Close,1,12469.6,7.166436782,141.059484,4.7019828
603,Middle,Male,Rent,Married,Far,19,82459,47.39022989,1360.022326,45.33407753
604,Middle,Male,Own,Married,Close,23,84064,48.31264368,1946.204,64.87346667
605,Young,Male,Rent,Single,Close,18,7528.4,4.326666666,244.116168,8.1372056
606,Young,Female,Rent,Married,Far,12,42994,24.7091954,805.65936,26.855312
607,Middle,Male,Own,Married,Close,22,95508,54.88965517,1099.225232,36.64084107
608,Middle,Male,Own,Married,Close,10,57219,32.88448276,215.3555338,7.178517794
609,Middle,Female,Own,Single,Close,24,30802,17.70229885,858.2235662,28.6074522
610,Middle,Male,Rent,Married,Close,8,105989,60.91321839,298.9046896,9.963489654
611,Young,Male,Rent,Single,Close,9,12940.4,7.437011494,174.4674,5.81558
612,Middle,Male,Rent,Single,Far,4,45989,26.43045977,683.41702,22.78056734
613,Old,Female,Own,Single,Close,14,54759,31.47068966,621.3267786,20.71089262
614,Young,Female,Rent,Single,Far,8,7646.1,4.394310345,92.110726,3.070357533
615,Middle,Female,Own,Married,Close,4,56577,32.51551724,388.293609,12.9431203
616,Young,Female,Rent,Single,Far,9,13411.2,7.707586207,381.156568,12.70521893
617,Middle,Male,Rent,Married,Close,2,59679,34.29827586,112.044922,3.734830734
618,Middle,Male,Rent,Single,Close,2,67379,38.72356322,497.1779648,16.57259882
619,Young,Female,Rent,Single,Far,16,7763.8,4.461954023,200.931168,6.6977056
620,Middle,Female,Rent,Married,Close,3,96684,55.56551724,134.8719372,4.49573124
621,Old,Female,Own,Married,Far,13,32620,18.74712644,999.47364,33.315788
622,Old,Female,Own,Single,Close,4,18587.8,10.68264368,148.5564,4.95188
623,Young,Female,Rent,Single,Close,1,8470,4.867816092,110.5536,3.68512
624,Young,Male,Rent,Single,Close,6,13764.3,7.910517241,166.452264,5.5484088
625,Middle,Male,Own,Married,Close,23,107379,61.71206897,1048.56059,34.95201967
626,Young,Female,Rent,Single,Far,23,23422,13.46091954,573.1835648,19.10611882
627,Middle,Male,Rent,Married,Close,4,36940.2,21.23,108.2504,3.608346667
628,Middle,Male,Rent,Single,Close,15,50481,29.01206897,808.999,26.96663333
629,Old,Male,Own,Married,Close,17,102352,58.82298851,1370.968284,45.6989428
630,Young,Female,Rent,Single,Close,2,7410.7,4.259022988,105.924168,3.5308056
631,Middle,Male,Own,Single,Close,9,56898,32.7,785.414232,26.1804744
632,Young,Male,Rent,Single,Close,9,16941.1,9.736264368,238.3812,7.94604
633,Young,Female,Rent,Single,Close,2,17293.1,9.938563218,222.8346,7.42782
634,Young,Male,Rent,Single,Close,19,19058.6,10.95321839,290.2032,9.67344
635,Middle,Male,Own,Married,Close,7,61818,35.52758621,363.56012,12.11867066
636,Middle,Male,Rent,Single,Close,5,51978,29.87241379,623.24592,20.774864
637,Middle,Male,Own,Married,Far,23,88235,50.70977011,2999.330684,99.97768947
638,Young,Female,Rent,Single,Far,10,6470.2,3.718505747,242.95881,8.098627
639,Middle,Male,Own,Married,Close,19,85561,49.17298851,917.871264,30.5957088
640,Middle,Female,Rent,Single,Far,18,25882,14.87471264,688.515729,22.9505243
641,Young,Female,Rent,Single,Close,2,7881.5,4.529597701,93.88419,3.129473
642,Middle,Male,Own,Single,Close,14,51871,29.81091954,270.45326,9.015108666
643,Middle,Female,Rent,Single,Close,4,55187,31.71666667,395.2164524,13.17388174
644,Young,Female,Own,Married,Far,2,52299,30.05689655,499.1414428,16.6380481
645,Young,Female,Rent,Single,Far,21,7881.5,4.529597701,238.404232,7.946807733
646,Old,Female,Own,Married,Far,19,79572,45.73103448,1727.952768,57.5984256
647,Old,Female,Own,Married,Close,1,89304,51.32413793,546.6322752,18.22107584
648,Middle,Female,Own,Married,Close,10,80427,46.22241379,873.4886,29.11628667
649,Middle,Male,Own,Married,Far,5,62459,35.89597701,529.4550096,17.64850032
650,Middle,Male,Own,Single,Close,11,72085,41.42816092,729.65376,24.321792
651,Young,Male,Rent,Married,Far,2,60213,34.60517241,810.703368,27.0234456
652,Young,Male,Rent,Married,Far,8,47700,27.4137931,685.285491,22.8428497
653,Young,Male,Rent,Married,Far,10,51336,29.50344828,735.98756,24.53291866
654,Middle,Female,Own,Single,Close,2,39465,22.68103448,226.7247048,7.55749016
655,Young,Female,Own,Single,Close,9,15646.4,8.992183908,175.048958,5.834965267
656,Young,Female,Own,Single,Far,7,10940.6,6.287701149,207.288,6.9096
657,Middle,Male,Own,Married,Close,8,96898,55.68850575,736.019229,24.5339743
658,Old,Female,Rent,Single,Far,2,9529.3,5.476609195,200.3784,6.67928
659,Young,Female,Rent,Single,Close,11,6470.2,3.718505747,118.632074,3.954402467
660,Young,Female,Rent,Single,Close,9,4235,2.433908046,65.6412,2.18804
661,Middle,Female,Own,Single,Close,15,36684,21.08275862,590.31016,19.67700534
662,Young,Female,Own,Single,Close,17,23764.4,13.65770115,256.74922,8.558307333
663,Middle,Male,Own,Married,Close,11,102032,58.63908046,1419.9228,47.33076
664,Young,Female,Own,Single,Far,11,24587.2,14.13057471,331.6608,11.05536
665,Old,Male,Rent,Married,Far,11,19763.7,11.35844828,246.4424,8.214746667
666,Middle,Male,Own,Married,Close,21,99465,57.1637931,1293.8226,43.12742
667,Middle,Female,Rent,Married,Far,20,38823,22.31206897,453.5254152,15.11751384
668,Middle,Male,Own,Married,Close,10,62887,36.14195402,644.14746,21.471582
669,Middle,Female,Own,Married,Close,13,45668,26.24597701,388.2366048,12.94122016
670,Middle,Female,Rent,Married,Close,10,80534,46.28390805,367.3350648,12.24450216
671,Middle,Male,Rent,Single,Close,9,36577,21.02126437,532.6535786,17.75511928
672,Young,Male,Rent,Single,Close,13,26117.3,15.00994253,424.370358,14.1456786
673,Middle,Female,Own,Single,Close,11,48021,27.59827586,736.0002276,24.53334092
674,Middle,Female,Own,Married,Close,17,83957,48.25114943,566.8497648,18.89499216
675,Young,Female,Rent,Single,Far,17,6352.5,3.650862069,118.039,3.934633333
676,Middle,Female,Own,Married,Close,10,112192,64.47816092,1347.372,44.9124
677,Middle,Female,Rent,Single,Close,20,35721,20.52931034,399.0294,13.30098
678,Young,Male,Rent,Single,Far,21,4588.1,2.636839081,234.373632,7.8124544
679,Middle,Male,Own,Married,Close,16,80641,46.3454023,1221.853358,40.72844527
680,Young,Female,Rent,Single,Close,8,7294.1,4.192011494,130.695084,4.3565028
681,Middle,Male,Rent,Single,Close,21,54331,31.22471264,727.75362,24.258454
682,Old,Female,Own,Married,Close,8,48342,27.78275862,423.73122,14.124374
683,Middle,Male,Rent,Married,Far,20,61604,35.4045977,1689.967242,56.3322414
684,Middle,Female,Own,Single,Close,20,38609,22.18908046,914.5753848,30.48584616
685,Old,Female,Own,Married,Far,9,35401,20.3454023,876.5725848,29.21908616
686,Old,Male,Own,Married,Close,9,82887,47.6362069,896.543632,29.88478773
687,Old,Male,Rent,Married,Close,7,29411,16.90287356,507.9644262,16.93214754
688,Young,Female,Rent,Married,Close,15,57754,33.19195402,927.6138,30.92046
689,Old,Female,Own,Married,Far,9,77326,44.44022989,1178.639568,39.2879856
690,Middle,Male,Rent,Single,Close,21,40106,23.04942529,744.2468352,24.80822784
691,Young,Male,Rent,Married,Close,17,34973,20.09942529,640.34718,21.344906
692,Old,Female,Own,Single,Close,15,24919,14.32126437,672.6432262,22.42144088
693,Young,Female,Rent,Single,Close,11,15411,8.856896552,156.007252,5.200241733
694,Old,Male,Own,Married,Far,23,85026,48.86551724,1548.867452,51.62891507
695,Old,Female,Rent,Single,Close,23,37967,21.82011494,581.4808428,19.38269476
696,Middle,Male,Own,Married,Close,21,101925,58.57758621,1403.8004,46.79334667
697,Middle,Female,Own,Single,Far,11,48770,28.02873563,827.8529952,27.59509984
698,Middle,Female,Rent,Single,Far,12,32941,18.9316092,750.5172972,25.01724324
699,Young,Female,Rent,Single,Close,8,15646.4,8.992183908,103.644,3.4548
700,Middle,Male,Own,Married,Close,11,69090,39.70689655,758.7765724,25.29255242
701,Young,Male,Rent,Married,Close,17,50802,29.19655172,634.01338,21.13377934
702,Middle,Male,Rent,Single,Close,19,51016,29.31954023,780.209,26.00696667
703,Middle,Male,Rent,Single,Far,4,55187,31.71666667,626.41282,20.88042734
704,Middle,Male,Rent,Single,Far,9,50053,28.76609195,1038.173158,34.60577193
705,Middle,Female,Own,Married,Close,5,133155,76.52586207,1635.260484,54.5086828
706,Middle,Male,Rent,Single,Far,20,48342,27.78275862,1099.184926,36.63949753
707,Young,Male,Rent,Married,Close,2,35528.9,20.41890805,142.234116,4.7411372
708,Young,Male,Rent,Single,Far,6,18705.5,10.75028736,468.678168,15.6226056
709,Young,Male,Rent,Married,Close,7,51871,29.81091954,136.81008,4.560336
710,Young,Female,Rent,Single,Far,19,6823.3,3.921436782,210.155484,7.0051828
711,Young,Female,Rent,Single,Close,16,12469.6,7.166436782,93.872674,3.129089133
712,Old,Female,Own,Single,Far,22,22780,13.09195402,590.94354,19.698118
713,Old,Male,Own,Single,Close,5,37326,21.45172414,414.23052,13.807684
714,Young,Female,Rent,Single,Close,5,8352.3,4.800172413,88.0974,2.93658
715,Middle,Male,Rent,Single,Close,8,48235,27.72126437,960.411368,32.01371227
716,Middle,Male,Rent,Single,Far,16,33903,19.48448276,639.0550848,21.30183616
717,Middle,Female,Rent,Single,Far,17,39679,22.80402299,955.2522,31.84174
718,Middle,Male,Own,Married,Far,5,77219,44.37873563,1096.910516,36.56368387
719,Young,Female,Rent,Single,Close,3,18352.4,10.54735632,300.014832,10.0004944
720,Middle,Male,Rent,Single,Close,2,51443,29.56494253,523.17188,17.43906266
721,Old,Female,Own,Married,Far,16,67807,38.96954023,1502.838,50.0946
722,Middle,Male,Own,Married,Close,19,107272,61.65057471,687.5052,22.91684
723,Middle,Female,Rent,Married,Close,22,63636,36.57241379,679.99101,22.666367
724,Young,Male,Rent,Single,Close,22,3764.2,2.163333334,208.462632,6.9487544
725,Young,Female,Own,Single,Far,10,36363,20.89827586,486.4485076,16.21495026
726,Middle,Female,Rent,Single,Close,12,22587.4,12.98126437,219.3798,7.31266
727,Middle,Male,Rent,Married,Far,16,69732,40.07586207,1042.7738,34.75912667
728,Middle,Male,Rent,Single,Far,21,31764,18.25517241,771.45684,25.715228
729,Old,Male,Own,Married,Far,12,72192,41.48965517,813.622674,27.1207558
730,Middle,Female,Own,Single,Close,9,56898,32.7,1006.504158,33.5501386
731,Old,Male,Rent,Single,Close,22,29411,16.90287356,404.72982,13.490994
732,Old,Female,Own,Married,Close,16,82032,47.14482759,910.927116,30.3642372
733,Young,Male,Rent,Single,Far,10,9176.2,5.273678161,216.5008,7.216693333
734,Middle,Male,Own,Married,Close,7,106310,61.09770115,1011.697874,33.72326247
735,Young,Female,Rent,Married,Close,3,37433,21.51321839,66.4795648,2.215985494
736,Middle,Male,Rent,Married,Close,9,119572,68.71954023,1514.883736,50.49612453
737,Young,Female,Own,Single,Far,19,17528.5,10.07385057,279.884864,9.329495467
738,Middle,Male,Rent,Single,Close,5,34759,19.97643678,260.95256,8.698418666
739,Middle,Male,Rent,Single,Close,7,41604,23.91034483,453.50008,15.11666934
740,Young,Female,Rent,Married,Close,23,32192,18.50114943,413.6161414,13.78720472
741,Middle,Female,Rent,Single,Close,3,24940.3,14.33350575,128.9792,4.299306667
742,Middle,Male,Rent,Married,Close,14,72299,41.55114943,446.5582352,14.8852745
743,Middle,Male,Own,Married,Close,14,123743,71.11666667,2869.7872,95.65957333
744,Young,Female,Rent,Single,Close,16,8470,4.867816092,113.40381,3.780127
745,Middle,Male,Own,Married,Far,13,73262,42.1045977,1410.71,47.02366667
746,Middle,Male,Own,Single,Close,22,59786,34.35977011,1474.635316,49.15451053
747,Young,Male,Rent,Single,Far,4,14588.2,8.384022988,324.198432,10.8066144
748,Middle,Female,Rent,Single,Close,8,42352,24.34022989,345.8508152,11.5283605
749,Middle,Male,Own,Married,Far,19,77754,44.6862069,1948.530232,64.95100773
750,Middle,Male,Own,Single,Close,8,41604,23.91034483,263.5114152,8.78371384
751,Old,Female,Own,Married,Close,1,38288,22.0045977,433.8399648,14.46133216
752,Old,Male,Own,Married,Far,20,62566,35.95747126,1111.887074,37.06290247
753,Old,Female,Rent,Single,Close,10,28449,16.35,362.9457414,12.09819138
754,Middle,Female,Own,Single,Far,15,51978,29.87241379,894.240432,29.8080144
755,Young,Female,Rent,Single,Close,2,19999.1,11.49373563,208.462632,6.9487544
756,Young,Male,Rent,Single,Far,17,22000,12.64367816,522.285148,17.40950493
757,Old,Female,Own,Married,Close,15,17058.8,9.803908046,256.254032,8.541801067
758,Old,Female,Rent,Married,Close,16,65882,37.86321839,772.706326,25.75687753
759,Young,Female,Rent,Single,Far,9,18940.9,10.88557471,263.16939,8.772313
760,Middle,Female,Rent,Married,Close,21,49518,28.45862069,920.1284,30.67094667
761,Old,Female,Own,Married,Close,7,113155,65.0316092,1071.59259,35.719753
762,Old,Male,Own,Married,Close,12,126096,72.46896552,2365.9622,78.86540667
763,Middle,Female,Own,Single,Close,15,69732,40.07586207,1887.4724,62.91574667
764,Middle,Male,Rent,Single,Close,3,33058.3,18.99902299,93.2796,3.10932
765,Old,Female,Rent,Single,Close,7,9293.9,5.341321839,158.31621,5.277207
766,Middle,Male,Rent,Single,Close,10,69518,39.95287356,849.287726,28.30959087
767,Middle,Male,Own,Married,Close,17,80641,46.3454023,1024.37699,34.14589967
768,Young,Male,Rent,Married,Close,22,37005,21.26724138,940.880232,31.3626744
769,Middle,Female,Own,Married,Close,9,65775,37.80172414,863.7,28.79
770,Young,Male,Own,Married,Close,21,59037,33.92931034,776.138094,25.8712698
771,Old,Female,Own,Single,Close,10,30909,17.7637931,609.279891,20.3093297
772,Young,Male,Rent,Single,Close,8,8352.3,4.800172413,188.873916,6.2957972
773,Young,Female,Rent,Married,Close,18,31550,18.13218391,473.1221924,15.77073974
774,Middle,Female,Own,Married,Close,8,84919,48.80402299,986.3454,32.87818
775,Old,Female,Rent,Married,Close,9,34759,19.97643678,637.148611,21.23828704
776,Old,Male,Own,Married,Close,7,83743,48.12816092,1452.7434,48.42478
777,Old,Female,Own,Married,Close,11,110909,63.7408046,1415.293368,47.1764456
778,Young,Male,Rent,Single,Far,16,12587.3,7.23408046,427.2436,14.24145333
779,Young,Female,Rent,Married,Far,21,28021,16.10402299,1038.097152,34.60323842
780,Middle,Female,Own,Single,Close,9,50053,28.76609195,533.9013372,17.79671124
781,Old,Male,Rent,Single,Close,17,40000,22.98850575,561.143011,18.70476704
782,Middle,Female,Rent,Married,Close,22,137647,79.10747126,1581.1468,52.70489333
783,Young,Female,Rent,Single,Far,9,16117.2,9.262758621,316.69,10.55633333
784,Middle,Male,Rent,Married,Far,22,81818,47.02183908,1208.045674,40.26818913
785,Middle,Female,Rent,Married,Close,19,82566,47.45172414,604.24452,20.141484
786,Middle,Female,Rent,Married,Close,12,77967,44.80862069,659.3739152,21.9791305
787,Old,Female,Rent,Single,Far,3,14940.2,8.586321839,308.02421,10.26747367
788,Middle,Female,Rent,Single,Close,13,30267,17.39482759,867.065551,28.90218504
789,Old,Male,Own,Married,Far,15,48128,27.65977011,1465.422516,48.8474172
790,Young,Male,Rent,Single,Close,9,16823.4,9.668620689,189.415168,6.313838933
791,Middle,Male,Own,Single,Close,3,60641,34.85114943,777.9058,25.93019333
792,Old,Female,Own,Married,Close,18,22234.3,12.77833334,335.1156,11.17052
793,Middle,Male,Rent,Married,Close,17,62887,36.14195402,366.1189752,12.20396584
794,Old,Female,Rent,Single,Close,22,4705.8,2.704482759,112.304032,3.743467733
795,Old,Female,Rent,Married,Close,7,62994,36.20344828,492.1615952,16.4053865
796,Middle,Female,Own,Married,Close,11,108128,62.14252874,652.3814,21.74604667
797,Middle,Male,Own,Married,Close,17,107272,61.65057471,901.7028,30.05676
798,Middle,Female,Rent,Married,Close,9,77540,44.56321839,950.657316,31.6885772
799,Middle,Female,Rent,Married,Close,19,95080,54.64367816,1824.1344,60.80448
800,Middle,Male,Rent,Single,Close,13,40855,23.47988506,442.7452876,14.75817626
801,Middle,Male,Own,Married,Close,16,97860,56.24137931,1171.182958,39.03943193
802,Old,Female,Own,Married,Close,7,95401,54.82816092,838.929084,27.9643028
803,Young,Male,Rent,Single,Close,12,12822.7,7.369367816,227.446758,7.5815586
804,Middle,Male,Own,Married,Close,1,38181,21.94310345,342.690249,11.4230083
805,Middle,Male,Own,Single,Far,20,45668,26.24597701,1637.5752,54.58584
806,Middle,Female,Rent,Single,Close,20,38502,22.12758621,142.4978324,4.749927746
807,Young,Female,Rent,Single,Close,2,9999,5.746551724,120.918,4.0306
808,Young,Male,Rent,Single,Close,1,7058.7,4.056724137,24.747884,0.824929467
809,Middle,Female,Rent,Single,Close,19,23764.4,13.65770115,139.942432,4.664747733
810,Old,Female,Own,Married,Close,25,21069,12.10862069,709.353931,23.64513104
811,Old,Male,Own,Single,Far,1,57754,33.19195402,617.513831,20.58379436
812,Middle,Female,Own,Married,Close,22,74438,42.78045977,1672.134716,55.73782387
813,Middle,Male,Own,Married,Close,12,118181,67.92011494,533.732052,17.7910684
814,Old,Male,Own,Married,Close,19,89411,51.38563218,1823.593148,60.78643827
815,Young,Female,Rent,Single,Far,2,6587.9,3.786149425,138.744768,4.6248256
816,Old,Female,Own,Single,Close,4,6705.6,3.853793104,37.403968,1.246798933
817,Middle,Female,Own,Married,Far,8,75508,43.3954023,543.44004,18.114668
818,Middle,Female,Rent,Married,Far,6,91336,52.49195402,1261.60659,42.053553
819,Old,Female,Rent,Married,Close,20,69304,39.82988506,1120.529832,37.3509944
820,Middle,Male,Own,Married,Far,7,94973,54.58218391,1486.1398,49.53799333
821,Young,Female,Own,Single,Close,7,30116.9,17.30856322,99.060632,3.302021067
822,Middle,Male,Own,Married,Close,9,72192,41.48965517,521.8987862,17.3966262
823,Old,Female,Rent,Single,Close,10,26117.3,15.00994253,320.150558,10.67168527
824,Young,Female,Rent,Single,Far,6,6941,3.98908046,96.181632,3.2060544
825,Middle,Male,Rent,Married,Close,11,118395,68.04310345,1211.465926,40.38219753
826,Middle,Female,Own,Married,Close,15,61069,35.09712644,766.942568,25.56475227
827,Middle,Female,Rent,Single,Close,18,42245,24.27873563,525.0846876,17.50282292
828,Young,Female,Rent,Single,Close,9,6352.5,3.650862069,131.835168,4.3945056
829,Middle,Male,Own,Married,Far,14,132192,75.97241379,1981.9036,66.06345333
830,Middle,Male,Own,Married,Far,1,72085,41.42816092,1089.9894,36.33298
831,Old,Female,Own,Single,Far,4,35935,20.65229885,437.0512014,14.56837338
832,Young,Female,Rent,Married,Close,1,50481,29.01206897,307.82268,10.260756
833,Middle,Male,Own,Single,Far,11,62459,35.89597701,1318.622306,43.95407687
834,Middle,Male,Rent,Single,Close,6,45026,25.87701149,591.5389172,19.7179639
835,Young,Female,Rent,Single,Close,22,4235,2.433908046,297.665568,9.9221856
836,Young,Female,Rent,Married,Close,9,74224,42.65747126,1275.94401,42.531467
837,Middle,Female,Rent,Married,Close,24,92727,53.29137931,875.837864,29.19459547
838,Middle,Male,Rent,Single,Far,17,44919,25.81551724,876.91461,29.230487
839,Middle,Female,Own,Married,Close,15,95721,55.01206897,785.3912,26.17970667
840,Middle,Male,Own,Single,Close,9,51978,29.87241379,602.97776,20.09925866
841,Middle,Male,Own,Married,Close,2,99037,56.91781609,551.6613124,18.38871042
842,Middle,Female,Own,Married,Close,7,77967,44.80862069,186.815431,6.227181034
843,Old,Female,Rent,Married,Close,10,46524,26.73793103,406.62996,13.554332
844,Old,Female,Own,Single,Far,4,10940.6,6.287701149,182.517084,6.0839028
845,Old,Female,Own,Married,Close,9,45133,25.93850575,682.815309,22.7605103
846,Middle,Male,Own,Single,Far,17,43957,25.26264368,608.67818,20.28927266
847,Middle,Male,Own,Single,Far,22,58074,33.37586207,714.613864,23.82046213
848,Middle,Female,Own,Married,Close,14,70160,40.32183908,1151.058748,38.36862493
849,Young,Male,Rent,Single,Far,24,14704.8,8.451034483,328.776042,10.9592014
850,Young,Female,Rent,Single,Close,11,11999.9,6.896494253,189.455474,6.315182467
851,Middle,Male,Rent,Single,Far,22,47165,27.10632184,1142.364168,38.0788056
852,Middle,Male,Own,Single,Close,16,74652,42.90344828,672.0225138,22.40075046
853,Middle,Male,Own,Single,Far,7,56898,32.7,1125.706274,37.52354247
854,Middle,Male,Rent,Single,Close,13,55721,32.02356322,367.3794014,12.24598004
855,Old,Female,Own,Single,Close,21,27272,15.67356322,559.2555386,18.64185128
856,Middle,Female,Rent,Single,Far,9,45454,26.12298851,756.9144352,25.23048118
857,Middle,Male,Own,Married,Close,7,109732,63.06436782,1334.67561,44.489187
858,Young,Female,Rent,Married,Close,1,43101,24.77068966,405.3632,13.51210666
859,Middle,Male,Rent,Married,Close,21,91978,52.86091954,1522.392168,50.7464056
860,Young,Female,Own,Single,Far,22,26737,15.36609195,836.0616,27.86872
861,Young,Female,Own,Single,Close,2,40320,23.17241379,317.95676,10.59855867
862,Old,Female,Own,Married,Close,13,66737,38.3545977,1392.837168,46.4279056
863,Middle,Male,Own,Married,Close,3,61283,35.22011494,418.695849,13.9565283
864,Middle,Male,Own,Single,Far,19,73155,42.04310345,1567.926432,52.2642144
865,Middle,Male,Own,Married,Close,3,95294,54.76666667,914.347368,30.4782456
866,Old,Female,Own,Married,Close,12,118716,68.22758621,368.0191152,12.26730384
867,Young,Male,Rent,Married,Close,10,67058,38.53908046,824.5456,27.48485333
868,Old,Male,Own,Single,Close,9,55935,32.14655172,588.3973524,19.61324508
869,Middle,Female,Rent,Married,Close,6,87272,50.15632184,134.2702262,4.475674206
870,Middle,Male,Own,Married,Close,15,102245,58.76149425,1466.01559,48.86718633
871,Middle,Male,Rent,Single,Close,13,39251,22.55804598,851.2247172,28.37415724
872,Old,Female,Own,Married,Close,21,18117,10.41206897,545.271084,18.1757028
873,Middle,Male,Rent,Married,Far,19,67914,39.03103448,1235.125548,41.1708516
874,Middle,Male,Own,Married,Close,6,50481,29.01206897,479.4433248,15.98144416
875,Middle,Female,Own,Single,Far,3,21529.2,12.37310345,259.680042,8.6560014
876,Old,Male,Own,Married,Close,19,116684,67.05977011,1712.97621,57.099207
877,Young,Female,Rent,Single,Close,15,10469.8,6.017126437,233.820864,7.7940288
878,Middle,Female,Own,Single,Close,2,42352,24.34022989,100.042371,3.3347457
879,Young,Male,Own,Single,Close,21,19058.6,10.95321839,307.500232,10.25000773
880,Young,Male,Rent,Single,Close,10,13175.8,7.572298851,230.872768,7.695758933
881,Middle,Female,Own,Married,Close,15,80962,46.52988506,1009.400432,33.64668107
882,Young,Female,Rent,Single,Close,13,11764.5,6.761206896,379.475232,12.6491744
883,Middle,Male,Own,Married,Close,2,81283,46.71436782,459.83388,15.327796
884,Young,Female,Own,Married,Close,18,37860,21.75862069,738.52108,24.61736934
885,Old,Male,Own,Single,Close,16,35508,20.40689655,758.15586,25.271862
886,Young,Female,Rent,Single,Far,5,12117.6,6.964137931,236.688348,7.8896116
887,Middle,Female,Own,Married,Close,20,109946,63.18735632,1300.144884,43.3381628
888,Middle,Female,Own,Single,Far,20,61390,35.2816092,1101.528432,36.7176144
889,Young,Female,Rent,Single,Far,23,22032,12.66206897,565.5956724,18.85318908
890,Young,Female,Rent,Single,Close,1,21293.8,12.2378161,242.423316,8.0807772
891,Middle,Female,Own,Single,Close,1,42032,24.15632184,720.78644,24.02621466
892,Old,Female,Own,Married,Far,6,72620,41.73563218,1038.7432,34.62477333
893,Middle,Male,Own,Single,Close,13,65133,37.43275862,816.507432,27.2169144
894,Middle,Male,Rent,Married,Close,25,87165,50.09482759,699.25152,23.308384
895,Middle,Male,Own,Married,Close,11,98609,56.67183908,1609.9368,53.66456
896,Old,Female,Own,Married,Close,15,59679,34.29827586,807.81861,26.927287
897,Old,Male,Own,Married,Far,22,74759,42.96494253,1859.834,61.99446667
898,Middle,Male,Own,Married,Close,3,82459,47.39022989,856.3170924,28.54390308
899,Old,Female,Own,Married,Close,13,75508,43.3954023,1153.9032,38.46344
900,Young,Female,Rent,Single,Close,15,14235.1,8.181091954,232.041642,7.7347214
901,Old,Female,Own,Married,Far,25,130160,74.8045977,2300.309484,76.6769828
902,Young,Female,Rent,Single,Far,1,8705.4,5.003103448,224.53321,7.484440333
903,Old,Male,Rent,Married,Close,5,45561,26.18448276,487.7279352,16.25759784
904,Middle,Female,Rent,Single,Close,5,42780,24.5862069,609.9702752,20.3323425
905,Young,Female,Rent,Married,Close,1,31657,18.19367816,527.60554,17.58685134
906,Middle,Female,Own,Single,Close,10,62887,36.14195402,550.40722,18.34690734
907,Middle,Male,Rent,Married,Far,10,48983,28.15114943,586.50988,19.55032934
908,Middle,Male,Own,Married,Close,21,95721,55.01206897,2176.529758,72.55099193
909,Middle,Female,Rent,Married,Close,14,60427,34.72816092,647.9730752,21.5991025
910,Middle,Male,Rent,Single,Close,4,57112,32.82298851,501.00358,16.70011934
911,Middle,Male,Own,Married,Close,10,102352,58.82298851,848.159158,28.27197193
912,Middle,Male,Own,Married,Close,3,99572,57.22528736,919.541084,30.65136947
913,Middle,Male,Rent,Single,Close,4,50695,29.13505747,728.418669,24.2806223
914,Middle,Male,Rent,Married,Close,5,105454,60.60574713,192.54752,6.418250666
915,Old,Female,Own,Married,Far,10,54438,31.2862069,974.806368,32.4935456
916,Young,Male,Own,Single,Close,15,28823.3,16.56511494,154.913232,5.1637744
917,Middle,Female,Rent,Married,Far,16,56791,32.63850575,823.394,27.44646667
918,Middle,Male,Rent,Married,Close,16,85989,49.41896552,1571.363958,52.3787986
919,Middle,Male,Own,Married,Close,5,118609,68.16609195,1013.431032,33.7810344
920,Middle,Male,Own,Single,Close,20,44705,25.69252874,805.057649,26.83525496
921,Middle,Female,Own,Married,Close,10,65133,37.43275862,225.4452772,7.514842574
922,Old,Male,Rent,Married,Far,4,63315,36.38793103,648.58112,21.61937066
923,Middle,Male,Rent,Married,Close,5,86631,49.78793103,331.8784524,11.06261508
924,Middle,Male,Rent,Married,Close,14,93262,53.59885057,767.02318,25.56743934
925,Young,Female,Rent,Single,Close,2,26117.3,15.00994253,366.2088,12.20696
926,Young,Male,Rent,Single,Far,23,9764.7,5.611896552,371.425548,12.3808516
927,Young,Male,Rent,Single,Far,17,12351.9,7.098793104,271.80639,9.060213
928,Old,Male,Own,Married,Close,1,173048,99.45287356,870.6096,29.02032
929,Middle,Male,Rent,Single,Far,15,35508,20.40689655,940.8572,31.36190667
930,Young,Male,Rent,Single,Close,14,25175.7,14.46879311,104.7956,3.493186667
931,Middle,Male,Rent,Married,Far,14,69732,40.07586207,659.9946276,21.99982092
932,Middle,Female,Own,Single,Far,13,51550,29.62643678,986.898168,32.8966056
933,Middle,Female,Rent,Single,Close,13,40213,23.11091954,611.84508,20.394836
934,Middle,Male,Own,Single,Close,9,54973,31.59367816,525.07202,17.50240066
935,Middle,Female,Own,Single,Close,5,65026,37.37126437,430.7110676,14.35703558
936,Old,Female,Own,Single,Close,16,21764.6,12.50839081,366.260622,12.2086874
937,Young,Female,Rent,Single,Far,5,15293.3,8.789252874,104.784084,3.4928028
938,Middle,Male,Rent,Single,Far,16,48770,28.02873563,1020.870368,34.02901227
939,Middle,Male,Rent,Married,Far,8,96898,55.68850575,1670.965842,55.6988614
940,Old,Male,Own,Married,Close,1,19294,11.08850575,200.384158,6.679471933
941,Middle,Female,Own,Married,Close,9,102139,58.70057471,347.0669048,11.56889682
942,Middle,Female,Own,Married,Far,15,48449,27.84425287,1171.211748,39.0403916
943,Middle,Male,Rent,Single,Far,7,62459,35.89597701,1322.0368,44.06789333
944,Young,Male,Rent,Single,Close,10,14822.5,8.518678161,227.394936,7.5798312
945,Old,Male,Own,Married,Far,9,32085,18.43965517,538.373,17.94576666
946,Young,Female,Rent,Single,Far,15,7294.1,4.192011494,294.798084,9.8266028
947,Middle,Male,Rent,Single,Close,18,60748,34.91264368,933.9476,31.13158667
948,Old,Female,Rent,Single,Far,11,18352.4,10.54735632,498.067,16.60223333
949,Old,Female,Own,Single,Close,4,32406,18.62413793,426.2774076,14.20924692
950,Young,Male,Rent,Single,Far,10,9293.9,5.341321839,242.953052,8.098435067
951,Middle,Female,Own,Single,Close,5,31764,18.25517241,335.0516862,11.16838954
952,Middle,Male,Own,Single,Close,19,60106,34.54367816,1112.4456,37.08152
953,Old,Male,Own,Married,Close,15,75187,43.21091954,1066.968916,35.56563053
954,Middle,Male,Rent,Single,Close,10,38609,22.18908046,775.25712,25.841904
955,Middle,Female,Rent,Single,Far,2,40427,23.23390805,421.8247462,14.06082488
956,Old,Female,Rent,Married,Close,22,68342,39.27701149,970.223,32.34076667
957,Middle,Female,Rent,Single,Far,22,33368,19.17701149,934.86888,31.162296
958,Young,Female,Rent,Single,Far,1,13411.2,7.707586207,183.657168,6.1219056
959,Middle,Female,Rent,Single,Close,17,36042,20.7137931,146.975829,4.8991943
960,Old,Male,Own,Single,Close,15,68770,39.52298851,888.442126,29.61473753
961,Middle,Female,Rent,Single,Close,15,31443,18.07068966,320.4649448,10.68216483
962,Young,Male,Rent,Single,Close,3,9881.3,5.678908046,99.0376,3.301253333
963,Middle,Male,Own,Single,Far,9,34331,19.73045977,634.01338,21.13377934
964,Middle,Male,Rent,Single,Close,12,39358,22.61954023,383.859949,12.79533164
965,Young,Male,Rent,Single,Far,11,21529.2,12.37310345,340.263252,11.3421084
966,Old,Male,Rent,Married,Close,8,69304,39.82988506,799.7862,26.65954
967,Middle,Male,Own,Single,Close,23,70802,40.6908046,1253.48781,41.782927
968,Middle,Male,Own,Married,Far,14,77005,44.25574713,1968.3723,65.61241
969,Middle,Female,Rent,Married,Close,20,72941,41.92011494,1711.418095,57.04726984
970,Young,Female,Rent,Single,Close,2,21529.2,12.37310345,293.658,9.7886
971,Old,Female,Own,Married,Close,8,39144,22.49655172,663.1361924,22.10453974
972,Middle,Male,Own,Married,Close,6,81925,47.08333333,340.75844,11.35861466
973,Middle,Female,Own,Single,Far,15,52620,30.24137931,890.175284,29.67250947
974,Young,Male,Rent,Married,Close,1,41176,23.66436782,477.56852,15.91895066
975,Middle,Male,Own,Married,Close,9,98716,56.73333333,866.014716,28.8671572
976,Middle,Male,Own,Married,Far,20,108021,62.08103448,1064.608136,35.48693787
977,Middle,Female,Own,Married,Far,23,83315,47.88218391,1945.724359,64.85747862
978,Middle,Male,Own,Married,Far,4,91978,52.86091954,662.5028124,22.08342708
979,Middle,Female,Own,Married,Close,15,80213,46.09942529,1036.463032,34.54876773
980,Old,Female,Own,Single,Close,1,27807,15.98103448,443.366,14.77886666
981,Middle,Female,Own,Single,Close,19,31978,18.37816092,325.55732,10.85191067
982,Middle,Female,Rent,Single,Close,4,30823.1,17.71442529,184.221452,6.140715067
983,Young,Male,Rent,Married,Close,20,45240,26,974.2536,32.47512
984,Old,Male,Rent,Married,Far,19,63315,36.38793103,1184.443632,39.4814544
985,Middle,Male,Own,Married,Far,15,96042,55.19655172,1323.79299,44.126433
986,Old,Male,Own,Single,Close,21,60106,34.54367816,867.75939,28.925313
987,Old,Male,Own,Married,Far,21,113262,65.09310345,815.3328,27.17776
988,Middle,Female,Rent,Single,Close,19,29528.4,16.97034483,233.17021,7.772340333
989,Middle,Male,Own,Married,Far,13,102352,58.82298851,2179.426032,72.6475344
990,Middle,Male,Own,Married,Close,13,124919,71.79252874,2036.570052,67.8856684
991,Old,Female,Rent,Single,Far,16,5528.6,3.177356322,310.932,10.3644
992,Middle,Male,Own,Married,Close,4,101283,58.20862069,595.9725772,19.86575258
993,Middle,Female,Own,Married,Far,18,98609,56.67183908,2406.625196,80.22083987
994,Young,Male,Rent,Single,Close,5,12469.6,7.166436782,157.1934,5.23978
995,Young,Female,Rent,Single,Close,13,14588.2,8.384022988,221.118716,7.370623867
996,Middle,Male,Rent,Single,Far,16,35828,20.5908046,679.5724034,22.65241344
997,Old,Male,Own,Single,Close,23,40427,23.23390805,897.49946,29.91664866
998,Middle,Male,Own,Married,Close,17,77005,44.25574713,425.0359828,14.1678661
999,Young,Male,Rent,Married,Close,19,49839,28.64310345,616.27874,20.54262466
